id_categoria;nivel_1;nivel_2;nivel_3;categoria_folha;category_path
1;Car&Motorbike;CarAccessories;InteriorAccessories;AirPurifiers&Ionizers;Car&Motorbike|CarAccessories|InteriorAccessories|AirPurifiers&Ionizers
2;Computers&Accessories;Accessories&Peripherals;Adapters;USBtoUSBAdapters;Computers&Accessories|Accessories&Peripherals|Adapters|USBtoUSBAdapters
3;Computers&Accessories;Accessories&Peripherals;Audio&VideoAccessories;PCHeadsets;Computers&Accessories|Accessories&Peripherals|Audio&VideoAccessories|PCHeadsets
4;Computers&Accessories;Accessories&Peripherals;Audio&VideoAccessories;PCMicrophones;Computers&Accessories|Accessories&Peripherals|Audio&VideoAccessories|PCMicrophones
5;Computers&Accessories;Accessories&Peripherals;Audio&VideoAccessories;PCSpeakers;Computers&Accessories|Accessories&Peripherals|Audio&VideoAccessories|PCSpeakers
6;Computers&Accessories;Accessories&Peripherals;Audio&VideoAccessories;Webcams;Computers&Accessories|Accessories&Peripherals|Audio&VideoAccessories|Webcams&VoIPEquipment|Webcams
7;Computers&Accessories;Accessories&Peripherals;Cables&Accessories;CableConnectionProtectors;Computers&Accessories|Accessories&Peripherals|Cables&Accessories|CableConnectionProtectors
8;Computers&Accessories;Accessories&Peripherals;Cables&Accessories;DVICables;Computers&Accessories|Accessories&Peripherals|Cables&Accessories|Cables|DVICables
9;Computers&Accessories;Accessories&Peripherals;Cables&Accessories;EthernetCables;Computers&Accessories|Accessories&Peripherals|Cables&Accessories|Cables|EthernetCables
10;Computers&Accessories;Accessories&Peripherals;Cables&Accessories;SATACables;Computers&Accessories|Accessories&Peripherals|Cables&Accessories|Cables|SATACables
11;Computers&Accessories;Accessories&Peripherals;Cables&Accessories;USBCables;Computers&Accessories|Accessories&Peripherals|Cables&Accessories|Cables|USBCables
12;Computers&Accessories;Accessories&Peripherals;HardDiskBags;HardDiskBags;Computers&Accessories|Accessories&Peripherals|HardDiskBags
13;Computers&Accessories;Accessories&Peripherals;HardDriveAccessories;Caddies;Computers&Accessories|Accessories&Peripherals|HardDriveAccessories|Caddies
14;Computers&Accessories;Accessories&Peripherals;Keyboards,Mice&InputDevices;GraphicTablets;Computers&Accessories|Accessories&Peripherals|Keyboards,Mice&InputDevices|GraphicTablets
15;Computers&Accessories;Accessories&Peripherals;Keyboards,Mice&InputDevices;DustCovers;Computers&Accessories|Accessories&Peripherals|Keyboards,Mice&InputDevices|Keyboard&MiceAccessories|DustCovers
16;Computers&Accessories;Accessories&Peripherals;Keyboards,Mice&InputDevices;MousePads;Computers&Accessories|Accessories&Peripherals|Keyboards,Mice&InputDevices|Keyboard&MiceAccessories|MousePads
17;Computers&Accessories;Accessories&Peripherals;Keyboards,Mice&InputDevices;Keyboard&MouseSets;Computers&Accessories|Accessories&Peripherals|Keyboards,Mice&InputDevices|Keyboard&MouseSets
18;Computers&Accessories;Accessories&Peripherals;Keyboards,Mice&InputDevices;Keyboards;Computers&Accessories|Accessories&Peripherals|Keyboards,Mice&InputDevices|Keyboards
19;Computers&Accessories;Accessories&Peripherals;Keyboards,Mice&InputDevices;Mice;Computers&Accessories|Accessories&Peripherals|Keyboards,Mice&InputDevices|Mice
20;Computers&Accessories;Accessories&Peripherals;LaptopAccessories;LaptopAccessories;Computers&Accessories|Accessories&Peripherals|LaptopAccessories
21;Computers&Accessories;Accessories&Peripherals;LaptopAccessories;LaptopSleeves&Slipcases;Computers&Accessories|Accessories&Peripherals|LaptopAccessories|Bags&Sleeves|LaptopSleeves&Slipcases
22;Computers&Accessories;Accessories&Peripherals;LaptopAccessories;CameraPrivacyCovers;Computers&Accessories|Accessories&Peripherals|LaptopAccessories|CameraPrivacyCovers
23;Computers&Accessories;Accessories&Peripherals;LaptopAccessories;CoolingPads;Computers&Accessories|Accessories&Peripherals|LaptopAccessories|CoolingPads
24;Computers&Accessories;Accessories&Peripherals;LaptopAccessories;Lapdesks;Computers&Accessories|Accessories&Peripherals|LaptopAccessories|Lapdesks
25;Computers&Accessories;Accessories&Peripherals;LaptopAccessories;LaptopChargers&PowerSupplies;Computers&Accessories|Accessories&Peripherals|LaptopAccessories|LaptopChargers&PowerSupplies
26;Computers&Accessories;Accessories&Peripherals;LaptopAccessories;NotebookComputerStands;Computers&Accessories|Accessories&Peripherals|LaptopAccessories|NotebookComputerStands
27;Computers&Accessories;Accessories&Peripherals;PCGamingPeripherals;Gamepads;Computers&Accessories|Accessories&Peripherals|PCGamingPeripherals|Gamepads
28;Computers&Accessories;Accessories&Peripherals;PCGamingPeripherals;GamingKeyboards;Computers&Accessories|Accessories&Peripherals|PCGamingPeripherals|GamingKeyboards
29;Computers&Accessories;Accessories&Peripherals;PCGamingPeripherals;GamingMice;Computers&Accessories|Accessories&Peripherals|PCGamingPeripherals|GamingMice
30;Computers&Accessories;Accessories&Peripherals;PCGamingPeripherals;Headsets;Computers&Accessories|Accessories&Peripherals|PCGamingPeripherals|Headsets
31;Computers&Accessories;Accessories&Peripherals;TabletAccessories;Cases;Computers&Accessories|Accessories&Peripherals|TabletAccessories|Bags,Cases&Sleeves|Cases
32;Computers&Accessories;Accessories&Peripherals;TabletAccessories;ScreenProtectors;Computers&Accessories|Accessories&Peripherals|TabletAccessories|ScreenProtectors
33;Computers&Accessories;Accessories&Peripherals;TabletAccessories;Stands;Computers&Accessories|Accessories&Peripherals|TabletAccessories|Stands
34;Computers&Accessories;Accessories&Peripherals;USBGadgets;Lamps;Computers&Accessories|Accessories&Peripherals|USBGadgets|Lamps
35;Computers&Accessories;Accessories&Peripherals;USBHubs;USBHubs;Computers&Accessories|Accessories&Peripherals|USBHubs
36;Computers&Accessories;Accessories&Peripherals;UninterruptedPowerSupplies;UninterruptedPowerSupplies;Computers&Accessories|Accessories&Peripherals|UninterruptedPowerSupplies
37;Computers&Accessories;Components;InternalHardDrives;InternalHardDrives;Computers&Accessories|Components|InternalHardDrives
38;Computers&Accessories;Components;InternalSolidStateDrives;InternalSolidStateDrives;Computers&Accessories|Components|InternalSolidStateDrives
39;Computers&Accessories;Components;Memory;Memory;Computers&Accessories|Components|Memory
40;Computers&Accessories;ExternalDevices&DataStorage;ExternalHardDisks;ExternalHardDisks;Computers&Accessories|ExternalDevices&DataStorage|ExternalHardDisks
41;Computers&Accessories;ExternalDevices&DataStorage;ExternalMemoryCardReaders;ExternalMemoryCardReaders;Computers&Accessories|ExternalDevices&DataStorage|ExternalMemoryCardReaders
42;Computers&Accessories;ExternalDevices&DataStorage;ExternalSolidStateDrives;ExternalSolidStateDrives;Computers&Accessories|ExternalDevices&DataStorage|ExternalSolidStateDrives
43;Computers&Accessories;ExternalDevices&DataStorage;PenDrives;PenDrives;Computers&Accessories|ExternalDevices&DataStorage|PenDrives
44;Computers&Accessories;Laptops;TraditionalLaptops;TraditionalLaptops;Computers&Accessories|Laptops|TraditionalLaptops
45;Computers&Accessories;Monitors;Monitors;Monitors;Computers&Accessories|Monitors
46;Computers&Accessories;NetworkingDevices;NetworkingDevices;NetworkingDevices;Computers&Accessories|NetworkingDevices
47;Computers&Accessories;NetworkingDevices;DataCards&Dongles;DataCards&Dongles;Computers&Accessories|NetworkingDevices|DataCards&Dongles
48;Computers&Accessories;NetworkingDevices;NetworkAdapters;BluetoothAdapters;Computers&Accessories|NetworkingDevices|NetworkAdapters|BluetoothAdapters
49;Computers&Accessories;NetworkingDevices;NetworkAdapters;PowerLANAdapters;Computers&Accessories|NetworkingDevices|NetworkAdapters|PowerLANAdapters
50;Computers&Accessories;NetworkingDevices;NetworkAdapters;WirelessUSBAdapters;Computers&Accessories|NetworkingDevices|NetworkAdapters|WirelessUSBAdapters
51;Computers&Accessories;NetworkingDevices;Repeaters&Extenders;Repeaters&Extenders;Computers&Accessories|NetworkingDevices|Repeaters&Extenders
52;Computers&Accessories;NetworkingDevices;Routers;Routers;Computers&Accessories|NetworkingDevices|Routers
53;Computers&Accessories;Printers,Inks&Accessories;Inks,Toners&Cartridges;InkjetInkCartridges;Computers&Accessories|Printers,Inks&Accessories|Inks,Toners&Cartridges|InkjetInkCartridges
54;Computers&Accessories;Printers,Inks&Accessories;Inks,Toners&Cartridges;InkjetInkRefills&Kits;Computers&Accessories|Printers,Inks&Accessories|Inks,Toners&Cartridges|InkjetInkRefills&Kits
55;Computers&Accessories;Printers,Inks&Accessories;Inks,Toners&Cartridges;TonerCartridges;Computers&Accessories|Printers,Inks&Accessories|Inks,Toners&Cartridges|TonerCartridges
56;Computers&Accessories;Printers,Inks&Accessories;Printers;Printers;Computers&Accessories|Printers,Inks&Accessories|Printers
57;Computers&Accessories;Printers,Inks&Accessories;Printers;InkjetPrinters;Computers&Accessories|Printers,Inks&Accessories|Printers|InkjetPrinters
58;Computers&Accessories;Tablets;Tablets;Tablets;Computers&Accessories|Tablets
59;Electronics;Accessories;MemoryCards;MicroSD;Electronics|Accessories|MemoryCards|MicroSD
60;Electronics;Accessories;MemoryCards;SecureDigitalCards;Electronics|Accessories|MemoryCards|SecureDigitalCards
61;Electronics;Cameras&Photography;Accessories;BatteryChargers;Electronics|Cameras&Photography|Accessories|Batteries&Chargers|BatteryChargers
62;Electronics;Cameras&Photography;Accessories;CleaningKits;Electronics|Cameras&Photography|Accessories|Cleaners|CleaningKits
63;Electronics;Cameras&Photography;Accessories;Film;Electronics|Cameras&Photography|Accessories|Film
64;Electronics;Cameras&Photography;Accessories;BackgroundSupports;Electronics|Cameras&Photography|Accessories|PhotoStudio&Lighting|PhotoBackgroundAccessories|BackgroundSupports
65;Electronics;Cameras&Photography;Accessories;CompleteTripodUnits;Electronics|Cameras&Photography|Accessories|Tripods&Monopods|CompleteTripodUnits
66;Electronics;Cameras&Photography;Accessories;Tabletop&TravelTripods;Electronics|Cameras&Photography|Accessories|Tripods&Monopods|Tabletop&TravelTripods
67;Electronics;Cameras&Photography;Accessories;TripodLegs;Electronics|Cameras&Photography|Accessories|Tripods&Monopods|TripodLegs
68;Electronics;Cameras&Photography;Flashes;Macro&RinglightFlashes;Electronics|Cameras&Photography|Flashes|Macro&RinglightFlashes
69;Electronics;Cameras&Photography;SecurityCameras;DomeCameras;Electronics|Cameras&Photography|SecurityCameras|DomeCameras
70;Electronics;Cameras&Photography;VideoCameras;VideoCameras;Electronics|Cameras&Photography|VideoCameras
71;Electronics;GeneralPurposeBatteries&BatteryChargers;GeneralPurposeBatteries&BatteryChargers;GeneralPurposeBatteries&BatteryChargers;Electronics|GeneralPurposeBatteries&BatteryChargers
72;Electronics;GeneralPurposeBatteries&BatteryChargers;DisposableBatteries;DisposableBatteries;Electronics|GeneralPurposeBatteries&BatteryChargers|DisposableBatteries
73;Electronics;GeneralPurposeBatteries&BatteryChargers;RechargeableBatteries;RechargeableBatteries;Electronics|GeneralPurposeBatteries&BatteryChargers|RechargeableBatteries
74;Electronics;Headphones,Earbuds&Accessories;Adapters;Adapters;Electronics|Headphones,Earbuds&Accessories|Adapters
75;Electronics;Headphones,Earbuds&Accessories;Cases;Cases;Electronics|Headphones,Earbuds&Accessories|Cases
76;Electronics;Headphones,Earbuds&Accessories;Earpads;Earpads;Electronics|Headphones,Earbuds&Accessories|Earpads
77;Electronics;Headphones,Earbuds&Accessories;Headphones;In-Ear;Electronics|Headphones,Earbuds&Accessories|Headphones|In-Ear
78;Electronics;Headphones,Earbuds&Accessories;Headphones;On-Ear;Electronics|Headphones,Earbuds&Accessories|Headphones|On-Ear
79;Electronics;Headphones,Earbuds&Accessories;Headphones;Over-Ear;Electronics|Headphones,Earbuds&Accessories|Headphones|Over-Ear
80;Electronics;HomeAudio;Accessories;Adapters;Electronics|HomeAudio|Accessories|Adapters
81;Electronics;HomeAudio;Accessories;Mounts;Electronics|HomeAudio|Accessories|SpeakerAccessories|Mounts
82;Electronics;HomeAudio;MediaStreamingDevices;StreamingClients;Electronics|HomeAudio|MediaStreamingDevices|StreamingClients
83;Electronics;HomeAudio;Speakers;BluetoothSpeakers;Electronics|HomeAudio|Speakers|BluetoothSpeakers
84;Electronics;HomeAudio;Speakers;MultimediaSpeakerSystems;Electronics|HomeAudio|Speakers|MultimediaSpeakerSystems
85;Electronics;HomeAudio;Speakers;OutdoorSpeakers;Electronics|HomeAudio|Speakers|OutdoorSpeakers
86;Electronics;HomeAudio;Speakers;SoundbarSpeakers;Electronics|HomeAudio|Speakers|SoundbarSpeakers
87;Electronics;HomeAudio;Speakers;TowerSpeakers;Electronics|HomeAudio|Speakers|TowerSpeakers
88;Electronics;HomeTheater,TV&Video;AVReceivers&Amplifiers;AVReceivers&Amplifiers;Electronics|HomeTheater,TV&Video|AVReceivers&Amplifiers
89;Electronics;HomeTheater,TV&Video;Accessories;3DGlasses;Electronics|HomeTheater,TV&Video|Accessories|3DGlasses
90;Electronics;HomeTheater,TV&Video;Accessories;HDMICables;Electronics|HomeTheater,TV&Video|Accessories|Cables|HDMICables
91;Electronics;HomeTheater,TV&Video;Accessories;OpticalCables;Electronics|HomeTheater,TV&Video|Accessories|Cables|OpticalCables
92;Electronics;HomeTheater,TV&Video;Accessories;RCACables;Electronics|HomeTheater,TV&Video|Accessories|Cables|RCACables
93;Electronics;HomeTheater,TV&Video;Accessories;SpeakerCables;Electronics|HomeTheater,TV&Video|Accessories|Cables|SpeakerCables
94;Electronics;HomeTheater,TV&Video;Accessories;RemoteControls;Electronics|HomeTheater,TV&Video|Accessories|RemoteControls
95;Electronics;HomeTheater,TV&Video;Accessories;TVWall&CeilingMounts;Electronics|HomeTheater,TV&Video|Accessories|TVMounts,Stands&Turntables|TVWall&CeilingMounts
96;Electronics;HomeTheater,TV&Video;Projectors;Projectors;Electronics|HomeTheater,TV&Video|Projectors
97;Electronics;HomeTheater,TV&Video;SatelliteEquipment;SatelliteReceivers;Electronics|HomeTheater,TV&Video|SatelliteEquipment|SatelliteReceivers
98;Electronics;HomeTheater,TV&Video;Televisions;SmartTelevisions;Electronics|HomeTheater,TV&Video|Televisions|SmartTelevisions
99;Electronics;HomeTheater,TV&Video;Televisions;StandardTelevisions;Electronics|HomeTheater,TV&Video|Televisions|StandardTelevisions
100;Electronics;Mobiles&Accessories;MobileAccessories;Cradles;Electronics|Mobiles&Accessories|MobileAccessories|AutomobileAccessories|Cradles
101;Electronics;Mobiles&Accessories;MobileAccessories;OTGAdapters;Electronics|Mobiles&Accessories|MobileAccessories|Cables&Adapters|OTGAdapters
102;Electronics;Mobiles&Accessories;MobileAccessories;BasicCases;Electronics|Mobiles&Accessories|MobileAccessories|Cases&Covers|BasicCases
103;Electronics;Mobiles&Accessories;MobileAccessories;AutomobileChargers;Electronics|Mobiles&Accessories|MobileAccessories|Chargers|AutomobileChargers
104;Electronics;Mobiles&Accessories;MobileAccessories;PowerBanks;Electronics|Mobiles&Accessories|MobileAccessories|Chargers|PowerBanks
105;Electronics;Mobiles&Accessories;MobileAccessories;WallChargers;Electronics|Mobiles&Accessories|MobileAccessories|Chargers|WallChargers
106;Electronics;Mobiles&Accessories;MobileAccessories;Décor;Electronics|Mobiles&Accessories|MobileAccessories|Décor
107;Electronics;Mobiles&Accessories;MobileAccessories;PhoneCharms;Electronics|Mobiles&Accessories|MobileAccessories|Décor|PhoneCharms
108;Electronics;Mobiles&Accessories;MobileAccessories;ScreenProtectors;Electronics|Mobiles&Accessories|MobileAccessories|Maintenance,Upkeep&Repairs|ScreenProtectors
109;Electronics;Mobiles&Accessories;MobileAccessories;Bedstand&DeskMounts;Electronics|Mobiles&Accessories|MobileAccessories|Mounts|Bedstand&DeskMounts
110;Electronics;Mobiles&Accessories;MobileAccessories;HandlebarMounts;Electronics|Mobiles&Accessories|MobileAccessories|Mounts|HandlebarMounts
111;Electronics;Mobiles&Accessories;MobileAccessories;Shower&WallMounts;Electronics|Mobiles&Accessories|MobileAccessories|Mounts|Shower&WallMounts
112;Electronics;Mobiles&Accessories;MobileAccessories;SelfieLights;Electronics|Mobiles&Accessories|MobileAccessories|Photo&VideoAccessories|Flashes&SelfieLights|SelfieLights
113;Electronics;Mobiles&Accessories;MobileAccessories;SelfieSticks;Electronics|Mobiles&Accessories|MobileAccessories|Photo&VideoAccessories|SelfieSticks
114;Electronics;Mobiles&Accessories;MobileAccessories;Tripods;Electronics|Mobiles&Accessories|MobileAccessories|Photo&VideoAccessories|Tripods
115;Electronics;Mobiles&Accessories;MobileAccessories;Stands;Electronics|Mobiles&Accessories|MobileAccessories|Stands
116;Electronics;Mobiles&Accessories;MobileAccessories;StylusPens;Electronics|Mobiles&Accessories|MobileAccessories|StylusPens
117;Electronics;Mobiles&Accessories;Smartphones&BasicMobiles;BasicMobiles;Electronics|Mobiles&Accessories|Smartphones&BasicMobiles|BasicMobiles
118;Electronics;Mobiles&Accessories;Smartphones&BasicMobiles;Smartphones;Electronics|Mobiles&Accessories|Smartphones&BasicMobiles|Smartphones
119;Electronics;PowerAccessories;SurgeProtectors;SurgeProtectors;Electronics|PowerAccessories|SurgeProtectors
120;Electronics;WearableTechnology;SmartWatches;SmartWatches;Electronics|WearableTechnology|SmartWatches
121;Health&PersonalCare;HomeMedicalSupplies&Equipment;HealthMonitors;DigitalBathroomScales;Health&PersonalCare|HomeMedicalSupplies&Equipment|HealthMonitors|WeighingScales|DigitalBathroomScales
122;Home&Kitchen;CraftMaterials;DrawingMaterials;WoodenPencils;Home&Kitchen|CraftMaterials|DrawingMaterials|DrawingMedia|Pencils|WoodenPencils
123;Home&Kitchen;CraftMaterials;DrawingMaterials;Pens;Home&Kitchen|CraftMaterials|DrawingMaterials|DrawingMedia|Pens
124;Home&Kitchen;CraftMaterials;PaintingMaterials;PaintingMaterials;Home&Kitchen|CraftMaterials|PaintingMaterials
125;Home&Kitchen;CraftMaterials;PaintingMaterials;Paints;Home&Kitchen|CraftMaterials|PaintingMaterials|Paints
126;Home&Kitchen;CraftMaterials;Scrapbooking;Tape;Home&Kitchen|CraftMaterials|Scrapbooking|Tape
127;Home&Kitchen;Heating,Cooling&AirQuality;AirConditioners;Split-SystemAirConditioners;Home&Kitchen|Heating,Cooling&AirQuality|AirConditioners|Split-SystemAirConditioners
128;Home&Kitchen;Heating,Cooling&AirQuality;AirPurifiers;HEPAAirPurifiers;Home&Kitchen|Heating,Cooling&AirQuality|AirPurifiers|HEPAAirPurifiers
129;Home&Kitchen;Heating,Cooling&AirQuality;Fans;CeilingFans;Home&Kitchen|Heating,Cooling&AirQuality|Fans|CeilingFans
130;Home&Kitchen;Heating,Cooling&AirQuality;Fans;ExhaustFans;Home&Kitchen|Heating,Cooling&AirQuality|Fans|ExhaustFans
131;Home&Kitchen;Heating,Cooling&AirQuality;Fans;PedestalFans;Home&Kitchen|Heating,Cooling&AirQuality|Fans|PedestalFans
132;Home&Kitchen;Heating,Cooling&AirQuality;Fans;TableFans;Home&Kitchen|Heating,Cooling&AirQuality|Fans|TableFans
133;Home&Kitchen;Heating,Cooling&AirQuality;Humidifiers;Humidifiers;Home&Kitchen|Heating,Cooling&AirQuality|Humidifiers
134;Home&Kitchen;Heating,Cooling&AirQuality;Parts&Accessories;FanParts&Accessories;Home&Kitchen|Heating,Cooling&AirQuality|Parts&Accessories|FanParts&Accessories
135;Home&Kitchen;Heating,Cooling&AirQuality;RoomHeaters;RoomHeaters;Home&Kitchen|Heating,Cooling&AirQuality|RoomHeaters
136;Home&Kitchen;Heating,Cooling&AirQuality;RoomHeaters;ElectricHeaters;Home&Kitchen|Heating,Cooling&AirQuality|RoomHeaters|ElectricHeaters
137;Home&Kitchen;Heating,Cooling&AirQuality;RoomHeaters;FanHeaters;Home&Kitchen|Heating,Cooling&AirQuality|RoomHeaters|FanHeaters
138;Home&Kitchen;Heating,Cooling&AirQuality;RoomHeaters;HalogenHeaters;Home&Kitchen|Heating,Cooling&AirQuality|RoomHeaters|HalogenHeaters
139;Home&Kitchen;Heating,Cooling&AirQuality;RoomHeaters;HeatConvectors;Home&Kitchen|Heating,Cooling&AirQuality|RoomHeaters|HeatConvectors
140;Home&Kitchen;Heating,Cooling&AirQuality;WaterHeaters&Geysers;ImmersionRods;Home&Kitchen|Heating,Cooling&AirQuality|WaterHeaters&Geysers|ImmersionRods
141;Home&Kitchen;Heating,Cooling&AirQuality;WaterHeaters&Geysers;InstantWaterHeaters;Home&Kitchen|Heating,Cooling&AirQuality|WaterHeaters&Geysers|InstantWaterHeaters
142;Home&Kitchen;Heating,Cooling&AirQuality;WaterHeaters&Geysers;StorageWaterHeaters;Home&Kitchen|Heating,Cooling&AirQuality|WaterHeaters&Geysers|StorageWaterHeaters
143;Home&Kitchen;HomeStorage&Organization;LaundryOrganization;SprayBottles;Home&Kitchen|HomeStorage&Organization|LaundryOrganization|IroningAccessories|SprayBottles
144;Home&Kitchen;HomeStorage&Organization;LaundryOrganization;LaundryBags;Home&Kitchen|HomeStorage&Organization|LaundryOrganization|LaundryBags
145;Home&Kitchen;HomeStorage&Organization;LaundryOrganization;LaundryBaskets;Home&Kitchen|HomeStorage&Organization|LaundryOrganization|LaundryBaskets
146;Home&Kitchen;Kitchen&Dining;KitchenTools;Choppers;Home&Kitchen|Kitchen&Dining|KitchenTools|ManualChoppers&Chippers|Choppers
147;Home&Kitchen;Kitchen&HomeAppliances;Coffee,Tea&Espresso;ElectricGrinders;Home&Kitchen|Kitchen&HomeAppliances|Coffee,Tea&Espresso|CoffeeGrinders|ElectricGrinders
148;Home&Kitchen;Kitchen&HomeAppliances;Coffee,Tea&Espresso;MeasuringSpoons;Home&Kitchen|Kitchen&HomeAppliances|Coffee,Tea&Espresso|CoffeeMakerAccessories|MeasuringSpoons
149;Home&Kitchen;Kitchen&HomeAppliances;Coffee,Tea&Espresso;CoffeePresses;Home&Kitchen|Kitchen&HomeAppliances|Coffee,Tea&Espresso|CoffeePresses
150;Home&Kitchen;Kitchen&HomeAppliances;Coffee,Tea&Espresso;DripCoffeeMachines;Home&Kitchen|Kitchen&HomeAppliances|Coffee,Tea&Espresso|DripCoffeeMachines
151;Home&Kitchen;Kitchen&HomeAppliances;Coffee,Tea&Espresso;EspressoMachines;Home&Kitchen|Kitchen&HomeAppliances|Coffee,Tea&Espresso|EspressoMachines
152;Home&Kitchen;Kitchen&HomeAppliances;Coffee,Tea&Espresso;MilkFrothers;Home&Kitchen|Kitchen&HomeAppliances|Coffee,Tea&Espresso|MilkFrothers
153;Home&Kitchen;Kitchen&HomeAppliances;Coffee,Tea&Espresso;StovetopEspressoPots;Home&Kitchen|Kitchen&HomeAppliances|Coffee,Tea&Espresso|StovetopEspressoPots
154;Home&Kitchen;Kitchen&HomeAppliances;SewingMachines&Accessories;Sewing&EmbroideryMachines;Home&Kitchen|Kitchen&HomeAppliances|SewingMachines&Accessories|Sewing&EmbroideryMachines
155;Home&Kitchen;Kitchen&HomeAppliances;SmallKitchenAppliances;SmallKitchenAppliances;Home&Kitchen|Kitchen&HomeAppliances|SmallKitchenAppliances
156;Home&Kitchen;Kitchen&HomeAppliances;SmallKitchenAppliances;AirFryers;Home&Kitchen|Kitchen&HomeAppliances|SmallKitchenAppliances|DeepFatFryers|AirFryers
157;Home&Kitchen;Kitchen&HomeAppliances;SmallKitchenAppliances;DigitalKitchenScales;Home&Kitchen|Kitchen&HomeAppliances|SmallKitchenAppliances|DigitalKitchenScales
158;Home&Kitchen;Kitchen&HomeAppliances;SmallKitchenAppliances;DigitalScales;Home&Kitchen|Kitchen&HomeAppliances|SmallKitchenAppliances|DigitalKitchenScales|DigitalScales
159;Home&Kitchen;Kitchen&HomeAppliances;SmallKitchenAppliances;EggBoilers;Home&Kitchen|Kitchen&HomeAppliances|SmallKitchenAppliances|EggBoilers
160;Home&Kitchen;Kitchen&HomeAppliances;SmallKitchenAppliances;HandBlenders;Home&Kitchen|Kitchen&HomeAppliances|SmallKitchenAppliances|HandBlenders
161;Home&Kitchen;Kitchen&HomeAppliances;SmallKitchenAppliances;HandMixers;Home&Kitchen|Kitchen&HomeAppliances|SmallKitchenAppliances|HandMixers
162;Home&Kitchen;Kitchen&HomeAppliances;SmallKitchenAppliances;InductionCooktop;Home&Kitchen|Kitchen&HomeAppliances|SmallKitchenAppliances|InductionCooktop
163;Home&Kitchen;Kitchen&HomeAppliances;SmallKitchenAppliances;JuicerMixerGrinders;Home&Kitchen|Kitchen&HomeAppliances|SmallKitchenAppliances|JuicerMixerGrinders
164;Home&Kitchen;Kitchen&HomeAppliances;SmallKitchenAppliances;Juicers;Home&Kitchen|Kitchen&HomeAppliances|SmallKitchenAppliances|Juicers
165;Home&Kitchen;Kitchen&HomeAppliances;SmallKitchenAppliances;ColdPressJuicers;Home&Kitchen|Kitchen&HomeAppliances|SmallKitchenAppliances|Juicers|ColdPressJuicers
166;Home&Kitchen;Kitchen&HomeAppliances;SmallKitchenAppliances;ElectricKettles;Home&Kitchen|Kitchen&HomeAppliances|SmallKitchenAppliances|Kettles&HotWaterDispensers|ElectricKettles
167;Home&Kitchen;Kitchen&HomeAppliances;SmallKitchenAppliances;Kettle&ToasterSets;Home&Kitchen|Kitchen&HomeAppliances|SmallKitchenAppliances|Kettles&HotWaterDispensers|Kettle&ToasterSets
168;Home&Kitchen;Kitchen&HomeAppliances;SmallKitchenAppliances;WetGrinders;Home&Kitchen|Kitchen&HomeAppliances|SmallKitchenAppliances|Mills&Grinders|WetGrinders
169;Home&Kitchen;Kitchen&HomeAppliances;SmallKitchenAppliances;MiniFoodProcessors&Choppers;Home&Kitchen|Kitchen&HomeAppliances|SmallKitchenAppliances|MiniFoodProcessors&Choppers
170;Home&Kitchen;Kitchen&HomeAppliances;SmallKitchenAppliances;MixerGrinders;Home&Kitchen|Kitchen&HomeAppliances|SmallKitchenAppliances|MixerGrinders
171;Home&Kitchen;Kitchen&HomeAppliances;SmallKitchenAppliances;OvenToasterGrills;Home&Kitchen|Kitchen&HomeAppliances|SmallKitchenAppliances|OvenToasterGrills
172;Home&Kitchen;Kitchen&HomeAppliances;SmallKitchenAppliances;Pop-upToasters;Home&Kitchen|Kitchen&HomeAppliances|SmallKitchenAppliances|Pop-upToasters
173;Home&Kitchen;Kitchen&HomeAppliances;SmallKitchenAppliances;Rice&PastaCookers;Home&Kitchen|Kitchen&HomeAppliances|SmallKitchenAppliances|Rice&PastaCookers
174;Home&Kitchen;Kitchen&HomeAppliances;SmallKitchenAppliances;RotiMakers;Home&Kitchen|Kitchen&HomeAppliances|SmallKitchenAppliances|RotiMakers
175;Home&Kitchen;Kitchen&HomeAppliances;SmallKitchenAppliances;SandwichMakers;Home&Kitchen|Kitchen&HomeAppliances|SmallKitchenAppliances|SandwichMakers
176;Home&Kitchen;Kitchen&HomeAppliances;SmallKitchenAppliances;SmallApplianceParts&Accessories;Home&Kitchen|Kitchen&HomeAppliances|SmallKitchenAppliances|SmallApplianceParts&Accessories
177;Home&Kitchen;Kitchen&HomeAppliances;SmallKitchenAppliances;StandMixerAccessories;Home&Kitchen|Kitchen&HomeAppliances|SmallKitchenAppliances|SmallApplianceParts&Accessories|StandMixerAccessories
178;Home&Kitchen;Kitchen&HomeAppliances;SmallKitchenAppliances;StandMixers;Home&Kitchen|Kitchen&HomeAppliances|SmallKitchenAppliances|StandMixers
179;Home&Kitchen;Kitchen&HomeAppliances;SmallKitchenAppliances;VacuumSealers;Home&Kitchen|Kitchen&HomeAppliances|SmallKitchenAppliances|VacuumSealers
180;Home&Kitchen;Kitchen&HomeAppliances;SmallKitchenAppliances;WaffleMakers&Irons;Home&Kitchen|Kitchen&HomeAppliances|SmallKitchenAppliances|WaffleMakers&Irons
181;Home&Kitchen;Kitchen&HomeAppliances;SmallKitchenAppliances;YogurtMakers;Home&Kitchen|Kitchen&HomeAppliances|SmallKitchenAppliances|YogurtMakers
182;Home&Kitchen;Kitchen&HomeAppliances;Vacuum,Cleaning&Ironing;DryIrons;Home&Kitchen|Kitchen&HomeAppliances|Vacuum,Cleaning&Ironing|Irons,Steamers&Accessories|Irons|DryIrons
183;Home&Kitchen;Kitchen&HomeAppliances;Vacuum,Cleaning&Ironing;SteamIrons;Home&Kitchen|Kitchen&HomeAppliances|Vacuum,Cleaning&Ironing|Irons,Steamers&Accessories|Irons|SteamIrons
184;Home&Kitchen;Kitchen&HomeAppliances;Vacuum,Cleaning&Ironing;LintShavers;Home&Kitchen|Kitchen&HomeAppliances|Vacuum,Cleaning&Ironing|Irons,Steamers&Accessories|LintShavers
185;Home&Kitchen;Kitchen&HomeAppliances;Vacuum,Cleaning&Ironing;PressureWashers,Steam&WindowCleaners;Home&Kitchen|Kitchen&HomeAppliances|Vacuum,Cleaning&Ironing|PressureWashers,Steam&WindowCleaners
186;Home&Kitchen;Kitchen&HomeAppliances;Vacuum,Cleaning&Ironing;HandheldBags;Home&Kitchen|Kitchen&HomeAppliances|Vacuum,Cleaning&Ironing|Vacuums&FloorCare|VacuumAccessories|VacuumBags|HandheldBags
187;Home&Kitchen;Kitchen&HomeAppliances;Vacuum,Cleaning&Ironing;CanisterVacuums;Home&Kitchen|Kitchen&HomeAppliances|Vacuum,Cleaning&Ironing|Vacuums&FloorCare|Vacuums|CanisterVacuums
188;Home&Kitchen;Kitchen&HomeAppliances;Vacuum,Cleaning&Ironing;HandheldVacuums;Home&Kitchen|Kitchen&HomeAppliances|Vacuum,Cleaning&Ironing|Vacuums&FloorCare|Vacuums|HandheldVacuums
189;Home&Kitchen;Kitchen&HomeAppliances;Vacuum,Cleaning&Ironing;RoboticVacuums;Home&Kitchen|Kitchen&HomeAppliances|Vacuum,Cleaning&Ironing|Vacuums&FloorCare|Vacuums|RoboticVacuums
190;Home&Kitchen;Kitchen&HomeAppliances;Vacuum,Cleaning&Ironing;Wet-DryVacuums;Home&Kitchen|Kitchen&HomeAppliances|Vacuum,Cleaning&Ironing|Vacuums&FloorCare|Vacuums|Wet-DryVacuums
191;Home&Kitchen;Kitchen&HomeAppliances;WaterPurifiers&Accessories;WaterCartridges;Home&Kitchen|Kitchen&HomeAppliances|WaterPurifiers&Accessories|WaterCartridges
192;Home&Kitchen;Kitchen&HomeAppliances;WaterPurifiers&Accessories;WaterFilters&Purifiers;Home&Kitchen|Kitchen&HomeAppliances|WaterPurifiers&Accessories|WaterFilters&Purifiers
193;Home&Kitchen;Kitchen&HomeAppliances;WaterPurifiers&Accessories;WaterPurifierAccessories;Home&Kitchen|Kitchen&HomeAppliances|WaterPurifiers&Accessories|WaterPurifierAccessories
194;HomeImprovement;Electrical;Adapters&Multi-Outlets;Adapters&Multi-Outlets;HomeImprovement|Electrical|Adapters&Multi-Outlets
195;HomeImprovement;Electrical;CordManagement;CordManagement;HomeImprovement|Electrical|CordManagement
196;MusicalInstruments;Microphones;Condenser;Condenser;MusicalInstruments|Microphones|Condenser
197;OfficeProducts;OfficeElectronics;Calculators;Basic;OfficeProducts|OfficeElectronics|Calculators|Basic
198;OfficeProducts;OfficeElectronics;Calculators;Financial&Business;OfficeProducts|OfficeElectronics|Calculators|Financial&Business
199;OfficeProducts;OfficeElectronics;Calculators;Scientific;OfficeProducts|OfficeElectronics|Calculators|Scientific
200;OfficeProducts;OfficePaperProducts;Paper;ColouredPaper;OfficeProducts|OfficePaperProducts|Paper|Copy&PrintingPaper|ColouredPaper
201;OfficeProducts;OfficePaperProducts;Paper;Notebooks,WritingPads&Diaries;OfficeProducts|OfficePaperProducts|Paper|Stationery|Notebooks,WritingPads&Diaries
202;OfficeProducts;OfficePaperProducts;Paper;CompositionNotebooks;OfficeProducts|OfficePaperProducts|Paper|Stationery|Notebooks,WritingPads&Diaries|CompositionNotebooks
203;OfficeProducts;OfficePaperProducts;Paper;Notepads&MemoBooks;OfficeProducts|OfficePaperProducts|Paper|Stationery|Notebooks,WritingPads&Diaries|Notepads&MemoBooks
204;OfficeProducts;OfficePaperProducts;Paper;WireboundNotebooks;OfficeProducts|OfficePaperProducts|Paper|Stationery|Notebooks,WritingPads&Diaries|WireboundNotebooks
205;OfficeProducts;OfficePaperProducts;Paper;BottledInk;OfficeProducts|OfficePaperProducts|Paper|Stationery|Pens,Pencils&WritingSupplies|Pens&Refills|BottledInk
206;OfficeProducts;OfficePaperProducts;Paper;FountainPens;OfficeProducts|OfficePaperProducts|Paper|Stationery|Pens,Pencils&WritingSupplies|Pens&Refills|FountainPens
207;OfficeProducts;OfficePaperProducts;Paper;GelInkRollerballPens;OfficeProducts|OfficePaperProducts|Paper|Stationery|Pens,Pencils&WritingSupplies|Pens&Refills|GelInkRollerballPens
208;OfficeProducts;OfficePaperProducts;Paper;LiquidInkRollerballPens;OfficeProducts|OfficePaperProducts|Paper|Stationery|Pens,Pencils&WritingSupplies|Pens&Refills|LiquidInkRollerballPens
209;OfficeProducts;OfficePaperProducts;Paper;RetractableBallpointPens;OfficeProducts|OfficePaperProducts|Paper|Stationery|Pens,Pencils&WritingSupplies|Pens&Refills|RetractableBallpointPens
210;OfficeProducts;OfficePaperProducts;Paper;StickBallpointPens;OfficeProducts|OfficePaperProducts|Paper|Stationery|Pens,Pencils&WritingSupplies|Pens&Refills|StickBallpointPens
211;Toys&Games;Arts&Crafts;Drawing&PaintingSupplies;ColouringPens&Markers;Toys&Games|Arts&Crafts|Drawing&PaintingSupplies|ColouringPens&Markers
